{"USA": {"Apr 2021": 0.15082956259426833, "May 2021": 0.11671335200746949, "Jun 2021": 0.10656436487638517, "Jul 2021": 0.09611687812379838, "Aug 2021": 0.10773540185304875, "Sep 2021": 0.0011439815132589322}, "India": {"Apr 2021": 1.0893246187363834, "May 2021": 0.13808340237503436, "Jun 2021": 0.10541851149061758, "Jul 2021": 0.20008003201280508, "Aug 2021": 0.21312872975277067, "Sep 2021": 0.005138323673284722}, "Mexico": {"Apr 2021": 0.4262574595055412, "May 2021": 0.89126559714795, "Jun 2021": 1.6339869281045751, "Jul 2021": 1.2254901960784315, "Aug 2021": 0.4901960784313723, "Sep 2021": 0.004318908180011992}}