{"USA": {"Apr 2021": {"tweet_count": 56, "sentiment": 0.1750700280112044}, "May 2021": {"tweet_count": 66, "sentiment": 0.14854426619132488}, "Jun 2021": {"tweet_count": 58, "sentiment": 0.16903313049357663}, "Jul 2021": {"tweet_count": 75, "sentiment": 0.13071895424836585}, "Aug 2021": {"tweet_count": 70, "sentiment": 0.14005602240896345}, "Sep 2021": {"tweet_count": 5073, "sentiment": 0.0019325688091126599}}, "India": {"Apr 2021": {"tweet_count": 9, "sentiment": 1.0893246187363834}, "May 2021": {"tweet_count": 71, "sentiment": 0.13808340237503436}, "Jun 2021": {"tweet_count": 86, "sentiment": 0.11399908800729577}, "Jul 2021": {"tweet_count": 34, "sentiment": 0.2883506343713957}, "Aug 2021": {"tweet_count": 26, "sentiment": 0.3770739064856712}, "Sep 2021": {"tweet_count": 1726, "sentiment": 0.005680139958648474}}, "Mexico": {"Apr 2021": {"tweet_count": 23, "sentiment": 0.4262574595055412}, "May 2021": {"tweet_count": 11, "sentiment": 0.89126559714795}, "Jun 2021": {"tweet_count": 6, "sentiment": 1.6339869281045751}, "Jul 2021": {"tweet_count": 6, "sentiment": 1.6339869281045751}, "Aug 2021": {"tweet_count": 20, "sentiment": 0.4901960784313723}, "Sep 2021": {"tweet_count": 1686, "sentiment": 0.005814900100016175}}}