{"ruizmassieu": {"23 Sep 2021": 0.0, "21 Sep 2021": 0.0, "19 Sep 2021": 0.0, "22 Sep 2021": 0.0, "20 Sep 2021": 0.0, "18 Sep 2021": 0.0, "16 Sep 2021": 0.0, "15 Sep 2021": 0.0, "14 Sep 2021": 0.0, "17 Sep 2021": 0.0}, "AHindinews": {"23 Sep 2021": 0.0, "21 Sep 2021": 0.09457142857142857, "19 Sep 2021": 0.058, "22 Sep 2021": 0.06542857142857143, "20 Sep 2021": 0.16216666666666668, "18 Sep 2021": 0.07680000000000001, "16 Sep 2021": 0.0, "15 Sep 2021": 0.0, "14 Sep 2021": 0.0, "17 Sep 2021": 0.018142857142857145}, "CDCgov": {"23 Sep 2021": 0.0, "21 Sep 2021": 0.09336708860759495, "19 Sep 2021": 0.06848148148148149, "22 Sep 2021": 0.061222222222222226, "20 Sep 2021": 0.09296491228070176, "18 Sep 2021": 0.07554166666666667, "16 Sep 2021": 0.07901941747572816, "15 Sep 2021": 0.10447368421052632, "14 Sep 2021": 0.0, "17 Sep 2021": 0.09776190476190474}, "BarackObama": {"23 Sep 2021": 0.18114285714285713, "21 Sep 2021": 0.08685000000000001, "19 Sep 2021": 0.17566666666666667, "22 Sep 2021": 0.17591666666666664, "20 Sep 2021": 0.18466666666666667, "18 Sep 2021": 0.13049999999999998, "16 Sep 2021": 0.0, "15 Sep 2021": 0.0, "14 Sep 2021": 0.0, "17 Sep 2021": 0.161}, "mygovindia": {"23 Sep 2021": 0.0, "21 Sep 2021": 0.0, "19 Sep 2021": 0.031, "22 Sep 2021": 0.0, "20 Sep 2021": 0.0, "18 Sep 2021": 0.07072222222222223, "16 Sep 2021": 0.0, "15 Sep 2021": 0.0, "14 Sep 2021": 0.0, "17 Sep 2021": 0.14865384615384614}, "MarkoCortes": {"23 Sep 2021": 0.0, "21 Sep 2021": 0.0, "19 Sep 2021": 0.0, "22 Sep 2021": 0.0, "20 Sep 2021": 0.0, "18 Sep 2021": 0.0, "16 Sep 2021": 0.0, "15 Sep 2021": 0.0, "14 Sep 2021": 0.0, "17 Sep 2021": 0.0}, "JoeBiden": {"23 Sep 2021": 0.0, "21 Sep 2021": 0.1026987951807229, "19 Sep 2021": 0.09200000000000003, "22 Sep 2021": 0.08306837606837608, "20 Sep 2021": 0.11419047619047622, "18 Sep 2021": 0.1015229357798165, "16 Sep 2021": 0.10303658536585365, "15 Sep 2021": 0.05399999999999999, "14 Sep 2021": 0.0, "17 Sep 2021": 0.09433333333333335}, "narendramodi": {"23 Sep 2021": 0.1373125, "21 Sep 2021": 0.0, "19 Sep 2021": 0.0, "22 Sep 2021": 0.0, "20 Sep 2021": 0.0, "18 Sep 2021": 0.08900862068965516, "16 Sep 2021": 0.21686419753086422, "15 Sep 2021": 0.0, "14 Sep 2021": 0.0, "17 Sep 2021": 0.0526}, "ArvindKejriwal": {"23 Sep 2021": 0.0, "21 Sep 2021": 0.0, "19 Sep 2021": 0.0, "22 Sep 2021": 0.206, "20 Sep 2021": 0.022, "18 Sep 2021": 0.0, "16 Sep 2021": 0.06255555555555554, "15 Sep 2021": 0.14308653846153846, "14 Sep 2021": 0.0, "17 Sep 2021": 0.2595}, "mansukhmandviya": {"23 Sep 2021": 0.1621309523809524, "21 Sep 2021": 0.1499137931034482, "19 Sep 2021": 0.0, "22 Sep 2021": 0.1683076923076923, "20 Sep 2021": 0.0, "18 Sep 2021": 0.0, "16 Sep 2021": 0.0, "15 Sep 2021": 0.0, "14 Sep 2021": 0.0, "17 Sep 2021": 0.0}, "SushmaSwaraj": {"23 Sep 2021": 0.0, "21 Sep 2021": 0.0, "19 Sep 2021": 0.0, "22 Sep 2021": 0.0, "20 Sep 2021": 0.0, "18 Sep 2021": 0.0, "16 Sep 2021": 0.0, "15 Sep 2021": 0.0, "14 Sep 2021": 0.0, "17 Sep 2021": 0.0}, "HillaryClinton": {"23 Sep 2021": 0.0, "21 Sep 2021": 0.0, "19 Sep 2021": 0.0, "22 Sep 2021": 0.0, "20 Sep 2021": 0.383, "18 Sep 2021": 0.0, "16 Sep 2021": 0.08249999999999999, "15 Sep 2021": 0.0, "14 Sep 2021": 0.0, "17 Sep 2021": 0.15200000000000002}, "LuisaAlcalde": {"23 Sep 2021": 0.0, "21 Sep 2021": 0.0, "19 Sep 2021": 0.0, "22 Sep 2021": 0.0, "20 Sep 2021": 0.0, "18 Sep 2021": 0.0, "16 Sep 2021": 0.0, "15 Sep 2021": 0.0, "14 Sep 2021": 0.0, "17 Sep 2021": 0.0}, "smritiirani": {"23 Sep 2021": 0.0, "21 Sep 2021": 0.0, "19 Sep 2021": 0.0, "22 Sep 2021": 0.0, "20 Sep 2021": 0.0, "18 Sep 2021": 0.0, "16 Sep 2021": 0.0, "15 Sep 2021": 0.0, "14 Sep 2021": 0.0, "17 Sep 2021": 0.202}, "HLGatell": {"23 Sep 2021": 0.0, "21 Sep 2021": 0.01997058823529412, "19 Sep 2021": 0.0, "22 Sep 2021": 0.01850704225352113, "20 Sep 2021": 0.0, "18 Sep 2021": 0.0, "16 Sep 2021": 0.014199999999999999, "15 Sep 2021": 0.0473888888888889, "14 Sep 2021": 0.0, "17 Sep 2021": 0.0}, "SRE_mx": {"23 Sep 2021": 0.0, "21 Sep 2021": 0.0, "19 Sep 2021": 0.0, "22 Sep 2021": 0.0, "20 Sep 2021": 0.00325, "18 Sep 2021": 0.015727272727272725, "16 Sep 2021": 0.0, "15 Sep 2021": 0.0, "14 Sep 2021": 0.0, "17 Sep 2021": 0.0}, "myogiadityanath": {"23 Sep 2021": 0.0, "21 Sep 2021": 0.4525, "19 Sep 2021": 0.10399999999999998, "22 Sep 2021": 0.247, "20 Sep 2021": 0.04325, "18 Sep 2021": 0.027142857142857142, "16 Sep 2021": 0.0, "15 Sep 2021": 0.025076923076923077, "14 Sep 2021": 0.0, "17 Sep 2021": 0.0}, "EPN": {"23 Sep 2021": 0.0, "21 Sep 2021": 0.0, "19 Sep 2021": 0.0, "22 Sep 2021": 0.0, "20 Sep 2021": 0.0, "18 Sep 2021": 0.0, "16 Sep 2021": 0.0, "15 Sep 2021": 0.0, "14 Sep 2021": 0.0, "17 Sep 2021": 0.0}, "nsitharaman": {"23 Sep 2021": 0.0, "21 Sep 2021": 0.10364000000000001, "19 Sep 2021": 0.0341, "22 Sep 2021": 0.0, "20 Sep 2021": 0.0, "18 Sep 2021": 0.1255, "16 Sep 2021": 0.0425, "15 Sep 2021": 0.0, "14 Sep 2021": 0.0, "17 Sep 2021": 0.0}, "XavierBecerra": {"23 Sep 2021": 0.0, "21 Sep 2021": 0.0, "19 Sep 2021": 0.0, "22 Sep 2021": 0.0, "20 Sep 2021": 0.0, "18 Sep 2021": 0.0, "16 Sep 2021": 0.0, "15 Sep 2021": 0.0, "14 Sep 2021": 0.0, "17 Sep 2021": 0.0}, "samajwadiparty": {"23 Sep 2021": 0.0, "21 Sep 2021": 0.0, "19 Sep 2021": 0.0, "22 Sep 2021": 0.018625, "20 Sep 2021": 0.0, "18 Sep 2021": 0.0, "16 Sep 2021": 0.0, "15 Sep 2021": 0.0, "14 Sep 2021": 0.0, "17 Sep 2021": 0.00375}, "VP": {"23 Sep 2021": 0.11508433734939756, "21 Sep 2021": 0.12205785123966943, "19 Sep 2021": 0.10561111111111113, "22 Sep 2021": 0.10968899521531104, "20 Sep 2021": 0.1346, "18 Sep 2021": 0.1371938775510204, "16 Sep 2021": 0.13422222222222224, "15 Sep 2021": 0.0, "14 Sep 2021": 0.0, "17 Sep 2021": 0.1238}, "SSalud_mx": {"23 Sep 2021": 0.024999999999999998, "21 Sep 2021": 0.0202, "19 Sep 2021": 0.02725, "22 Sep 2021": 0.06406666666666666, "20 Sep 2021": 0.013000000000000001, "18 Sep 2021": 0.0, "16 Sep 2021": 0.013250000000000001, "15 Sep 2021": 0.05933333333333333, "14 Sep 2021": 0.0, "17 Sep 2021": 0.046}, "AmitShah": {"23 Sep 2021": 0.0, "21 Sep 2021": 0.0, "19 Sep 2021": 0.013, "22 Sep 2021": 0.0, "20 Sep 2021": 0.0, "18 Sep 2021": 0.128625, "16 Sep 2021": 0.14742857142857144, "15 Sep 2021": 0.18500000000000003, "14 Sep 2021": 0.0, "17 Sep 2021": 0.09655555555555556}, "PeteButtigieg": {"23 Sep 2021": 0.0, "21 Sep 2021": 0.0, "19 Sep 2021": 0.0, "22 Sep 2021": 0.0, "20 Sep 2021": 0.0, "18 Sep 2021": 0.0, "16 Sep 2021": 0.0, "15 Sep 2021": 0.0, "14 Sep 2021": 0.0, "17 Sep 2021": 0.0}, "SpeakerPelosi": {"23 Sep 2021": 0.10250000000000001, "21 Sep 2021": 0.09665217391304347, "19 Sep 2021": 0.10812499999999999, "22 Sep 2021": 0.12329787234042551, "20 Sep 2021": 0.12863157894736846, "18 Sep 2021": 0.11606666666666668, "16 Sep 2021": 0.04146153846153845, "15 Sep 2021": 0.0, "14 Sep 2021": 0.0, "17 Sep 2021": 0.08909090909090908}, "mario_delgado": {"23 Sep 2021": 0.0, "21 Sep 2021": 0.0, "19 Sep 2021": 0.0, "22 Sep 2021": 0.0, "20 Sep 2021": 0.0, "18 Sep 2021": 0.0, "16 Sep 2021": 0.0, "15 Sep 2021": 0.0, "14 Sep 2021": 0.0, "17 Sep 2021": 0.0}, "ShashiTharoor": {"23 Sep 2021": 0.0, "21 Sep 2021": 0.1326237623762376, "19 Sep 2021": 0.14088, "22 Sep 2021": 0.11852777777777779, "20 Sep 2021": 0.12262105263157898, "18 Sep 2021": 0.22808333333333333, "16 Sep 2021": 0.0, "15 Sep 2021": 0.09915652173913045, "14 Sep 2021": 0.1784285714285714, "17 Sep 2021": 0.21675}, "tatclouthier": {"23 Sep 2021": 0.0, "21 Sep 2021": 0.0, "19 Sep 2021": 0.0, "22 Sep 2021": 0.0, "20 Sep 2021": 0.0, "18 Sep 2021": 0.0, "16 Sep 2021": 0.0, "15 Sep 2021": 0.0, "14 Sep 2021": 0.0, "17 Sep 2021": 0.0}, "MoHFW_INDIA": {"23 Sep 2021": 0.13599999999999998, "21 Sep 2021": 0.1136, "19 Sep 2021": 0.0, "22 Sep 2021": 0.128, "20 Sep 2021": 0.040400000000000005, "18 Sep 2021": 0.06772727272727273, "16 Sep 2021": 0.023450000000000002, "15 Sep 2021": 0.06875, "14 Sep 2021": 0.1044, "17 Sep 2021": 0.03925}, "yadavakhilesh": {"23 Sep 2021": 0.0, "21 Sep 2021": 0.0, "19 Sep 2021": 0.0, "22 Sep 2021": 0.0, "20 Sep 2021": 0.0,