{"narendramodi": {"covid": 1, "non-covid": 0, "covid-sentiment": 0.302, "non-covid-sentiment": 0}, "mansukhmandviya": {"covid": 4, "non-covid": 10, "covid-sentiment": 0.0785, "non-covid-sentiment": 0.0821}, "MoHFW_INDIA": {"covid": 24, "non-covid": 555, "covid-sentiment": 0.07695833333333332, "non-covid-sentiment": 0.04169549549549546}, "AmitShah": {"covid": 5, "non-covid": 1114, "covid-sentiment": 0.05620000000000001, "non-covid-sentiment": 0.06048922800718132}, "ArvindKejriwal": {"covid": 15, "non-covid": 1379, "covid-sentiment": 0.147, "non-covid-sentiment": 0.11693038433647585}, "smritiirani": {"covid": 17, "non-covid": 606, "covid-sentiment": 0.18552941176470591, "non-covid-sentiment": 0.10018481848184824}, "ShashiTharoor": {"covid": 44, "non-covid": 1362, "covid-sentiment": 0.10497727272727274, "non-covid-sentiment": 0.14298531571218798}, "drharshvardhan": {"covid": 131, "non-covid": 1363, "covid-sentiment": 0.12295419847328247, "non-covid-sentiment": 0.07302421129860596}, "nsitharaman": {"covid": 44, "non-covid": 691, "covid-sentiment": 0.11059090909090906, "non-covid-sentiment": 0.17677568740955132}, "lopezobrador_": {"covid": 15, "non-covid": 1473, "covid-sentiment": 0.0, "non-covid-sentiment": 0.006355736591989138}, "SSalud_mx": {"covid": 19, "non-covid": 1480, "covid-sentiment": 0.030000000000000002, "non-covid-sentiment": 0.009935135135135154}, "HLGatell": {"covid": 28, "non-covid": 1472, "covid-sentiment": 0.005464285714285714, "non-covid-sentiment": 0.0062540760869565235}, "Claudiashein": {"covid": 49, "non-covid": 2437, "covid-sentiment": 0.002081632653061225, "non-covid-sentiment": 0.005619614279852277}, "SRE_mx": {"covid": 17, "non-covid": 1464, "covid-sentiment": 0.009, "non-covid-sentiment": 0.025047131147540987}, "EPN": {"covid": 0, "non-covid": 1498, "covid-sentiment": 0, "non-covid-sentiment": 0.012255674232309745}, "tatclouthier": {"covid": 0, "non-covid": 252, "covid-sentiment": 0, "non-covid-sentiment": 0.011714285714285714}, "LuisaAlcalde": {"covid": 2, "non-covid": 1455, "covid-sentiment": 0.0, "non-covid-sentiment": 0.011216494845360822}, "JoeBiden": {"covid": 44, "non-covid": 698, "covid-sentiment": 0.10099999999999999, "non-covid-sentiment": 0.12862320916905445}, "HillaryClinton": {"covid": 60, "non-covid": 1422, "covid-sentiment": 0.12899999999999998, "non-covid-sentiment": 0.16291350210970446}, "CDCgov": {"covid": 316, "non-covid": 1184, "covid-sentiment": 0.08081645569620258, "non-covid-sentiment": 0.10515962837837842}, "POTUS": {"covid": 65, "non-covid": 933, "covid-sentiment": 0.11712307692307694, "non-covid-sentiment": 0.14003429796355824}, "VP": {"covid": 238, "non-covid": 1262, "covid-sentiment": 0.1408697478991598, "non-covid-sentiment": 0.15085023771790812}, "SpeakerPelosi": {"covid": 148, "non-covid": 1350, "covid-sentiment": 0.12635810810810813, "non-covid-sentiment": 0.15125333333333352}, "BarackObama": {"covid": 40, "non-covid": 1456, "covid-sentiment": 0.12972499999999998, "non-covid-sentiment": 0.1660535714285716}, "PeteButtigieg": {"covid": 9, "non-covid": 484, "covid-sentiment": 0.142, "non-covid-sentiment": 0.15209710743801672}}